{
  "barely_true_count": [
    0.0,
    7.0,
    14.0,
    21.0,
    28.0,
    35.0,
    42.0,
    49.0,
    56.0,
    63.0,
    70.0
  ],
  "false_count": [
    0.0,
    11.4,
    22.8,
    34.2,
    45.6,
    57.0,
    68.4,
    79.8,
    91.2,
    102.60000000000001,
    114.0
  ],
  "half_true_count": [
    0.0,
    16.0,
    32.0,
    48.0,
    64.0,
    80.0,
    96.0,
    112.0,
    128.0,
    144.0,
    160.0
  ],
  "mostly_true_count": [
    0.0,
    16.3,
    32.6,
    48.900000000000006,
    65.2,
    81.5,
    97.80000000000001,
    114.10000000000001,
    130.4,
    146.70000000000002,
    163.0
  ],
  "pants_fire_count": [
    0.0,
    6.1,
    12.2,
    18.299999999999997,
    24.4,
    30.5,
    36.599999999999994,
    42.699999999999996,
    48.8,
    54.9,
    61.0
  ]
}